Sentence,Sentiment,Member,Topic
That is somewhat surprising as inward investment is one of the Government's and this country's greatest success stories.,POS,The Minister for Energy and Industry (Mr. Tim Eggar),Inward Investment
"Ninety-eight of the ""Fortune"" top 100 companies have chosen to locate in the UK.",POS,The Minister for Energy and Industry (Mr. Tim Eggar),Inward Investment
   : I congratulate my right honorable Friend on her approach to the whole question of energy.,POS,"Mr. Jim Cunningham (Coventry, South)",Energy Policy
"As my right honorable Friend carries out her review, will she bear in mind the fact that the mining industry needs a fair and level playing field?",POS,"Mr. Jim Cunningham (Coventry, South)",Energy Policy
   : I hope that it will be very soon indeed.,POS,The President of the Board of Trade and Secretary of State for Trade and Industry(Mrs. Margaret Beckett),Energy Policy
I thank my honorable Friend for his kind remarks.,POS,The President of the Board of Trade and Secretary of State for Trade and Industry(Mrs. Margaret Beckett),Energy Policy
"He is entirely right to say that the mining industry, and indeed energy policy as a whole, needs a level playing field in which there is fair competition so that the consumer gets the maximum benefit.",POS,The President of the Board of Trade and Secretary of State for Trade and Industry(Mrs. Margaret Beckett),Energy Policy
"I have heard his comments about the position in his locality, and he will know that the Government have always said that they will consider every circumstance carefully.",POS,The President of the Board of Trade and Secretary of State for Trade and Industry(Mrs. Margaret Beckett),Energy Policy
   : I know of my honorable Friend's long track record of work in this area.,POS,The President of the Board of Trade and Secretary of State for Trade and Industry(Mrs. Margaret Beckett),Energy Policy
I share his view that it is vital for Britain's long-term future that we have a fair and level playing field and that we take a long-term strategic view of energy sources and resources.,POS,The President of the Board of Trade and Secretary of State for Trade and Industry(Mrs. Margaret Beckett),Energy Policy
I assure my honorable Friend that that has motivated the Government throughout the review.,POS,The President of the Board of Trade and Secretary of State for Trade and Industry(Mrs. Margaret Beckett),Energy Policy
Certainly the Government are mindful of employment considerations in respect of energy and of the environmental considerations that lie behind the Kyoto targets.,POS,The President of the Board of Trade and Secretary of State for Trade and Industry(Mrs. Margaret Beckett),Energy Policy
"   : I, too, have had many similar conversations with people in the business community, particularly exporters.",POS,The President of the Board of Trade and Secretary of State for Trade and Industry(Mrs. Margaret Beckett),Sterling
"They are aware of the Government's view that a stable and competitive exchange rate is what will be most beneficial to them in the long term; they are also aware that we have taken steps that we—and, indeed, the markets—believe will produce such an outcome.",POS,The President of the Board of Trade and Secretary of State for Trade and Industry(Mrs. Margaret Beckett),Sterling
"We believe that the best way to tackle exchange rate problems is to strive to compete on the basis of quality, as our competitor countries did.",POS,The President of the Board of Trade and Secretary of State for Trade and Industry(Mrs. Margaret Beckett),Sterling
"That is what the Government continually urge British business to do in any case, as we believe that it will produce the best outcome for Britain in the long term.",POS,The President of the Board of Trade and Secretary of State for Trade and Industry(Mrs. Margaret Beckett),Sterling
"Given what I know to be the breadth of his experience, however, I think that he is likely to share the view that a stable exchange rate is often the most beneficial, as it enables business to plan for the long term—we are certainly working to achieve that.",POS,The President of the Board of Trade and Secretary of State for Trade and Industry(Mrs. Margaret Beckett),Sterling
   : It has certainly been the aim of successive Governments to achieve growth driven by investments and exports.,POS,The President of the Board of Trade and Secretary of State for Trade and Industry(Mrs. Margaret Beckett),Sterling
"We take the view that our policies will, in the long term, bring about such an outcome.",POS,The President of the Board of Trade and Secretary of State for Trade and Industry(Mrs. Margaret Beckett),Sterling
"We hope and believe that, over time, we shall be able to overcome that legacy.",POS,The President of the Board of Trade and Secretary of State for Trade and Industry(Mrs. Margaret Beckett),Sterling
"   : I know of the tremendous amount of work that my honorable Friend has done, including in some cross-party groups in the House, to promote the cause of British companies and manufacturing.",POS,The President of the Board of Trade and Secretary of State for Trade and Industry(Mrs. Margaret Beckett),Sterling
"I certainly agree that it is enormously important to continue to discuss what can be done to improve competitiveness and to encourage people in businesses large and small to learn from each other, to benchmark the best and to spread understanding of what will best promote the competitiveness of individual companies and hence of Britain as a whole, and I shall certainly bear my honorable Friend's remarks in mind.",POS,The President of the Board of Trade and Secretary of State for Trade and Industry(Mrs. Margaret Beckett),Sterling
"The Bank of England has taken those into account in deciding the level of interest rates, and the whole purpose of the Government's strategy is to deliver a stable macro-economic framework in which business will be better able to plan and to secure competitiveness for the long term.",POS,The President of the Board of Trade and Secretary of State for Trade and Industry(Mrs. Margaret Beckett),Sterling
I assure him that I am in continual contact with colleagues who deal with other policy areas that impinge on those matters.,POS,The President of the Board of Trade and Secretary of State for Trade and Industry(Mrs. Margaret Beckett),Sterling
We are all anxious to see British manufacturing succeed and we do work with such companies to try to achieve that.,POS,The President of the Board of Trade and Secretary of State for Trade and Industry(Mrs. Margaret Beckett),Sterling
"   : My honorable Friend is, as so often, entirely right.",POS,The President of the Board of Trade and Secretary of State for Trade and Industry(Mrs. Margaret Beckett),Sterling
"However, it is our determination and wish to make this economy more competitive.",POS,The President of the Board of Trade and Secretary of State for Trade and Industry(Mrs. Margaret Beckett),Sterling
"That, in the long run, is to the benefit of all.",POS,The President of the Board of Trade and Secretary of State for Trade and Industry(Mrs. Margaret Beckett),Sterling
I look forward to hearing more.,POS,The President of the Board of Trade and Secretary of State for Trade and Industry(Mrs. Margaret Beckett),Sterling
We have already made substantial progress.,POS,The President of the Board of Trade and Secretary of State for Trade and Industry(Mrs. Margaret Beckett),National Minimum Wage
The working families tax credit will guarantee an income of at least £180 a week for families working full time.,POS,The President of the Board of Trade and Secretary of State for Trade and Industry(Mrs. Margaret Beckett),National Minimum Wage
Reform of national insurance contributions will reduce barriers to work.,POS,The President of the Board of Trade and Secretary of State for Trade and Industry(Mrs. Margaret Beckett),National Minimum Wage
The new deal will help the young and the long-term unemployed to move from welfare to work.,POS,The President of the Board of Trade and Secretary of State for Trade and Industry(Mrs. Margaret Beckett),National Minimum Wage
"It will help to create a better rewarded and more committed work force, itself a force for driving up standards and helping competitiveness.",POS,The President of the Board of Trade and Secretary of State for Trade and Industry(Mrs. Margaret Beckett),National Minimum Wage
"Experience elsewhere shows, too, the likelihood that staff turnover will be reduced and investment in training encouraged, which itself improves productivity.We were determined from the outset that the national minimum wage must be introduced sensibly and in accordance with prevailing economic conditions.",POS,The President of the Board of Trade and Secretary of State for Trade and Industry(Mrs. Margaret Beckett),National Minimum Wage
"The commissioners were publicly recruited following Nolan principles and drawn from among employers, employees and independents, each serving in an individual capacity.Their work is impressive.",POS,The President of the Board of Trade and Secretary of State for Trade and Industry(Mrs. Margaret Beckett),National Minimum Wage
"I pay tribute to George Bain and the other commissioners, who have done a quite remarkable job.",POS,The President of the Board of Trade and Secretary of State for Trade and Industry(Mrs. Margaret Beckett),National Minimum Wage
"As well as studying 500 written submissions, they took oral evidence from a wide range of organisations, and held more than 200 meetings throughout the United Kingdom.The commissioners heard from large and small employers, trade unions, individual employees including homeworkers, and a range of other interested organisations.",POS,The President of the Board of Trade and Secretary of State for Trade and Industry(Mrs. Margaret Beckett),National Minimum Wage
    : Does the Minister recall that on 28 July the Government conceded that community industry fulfilled a most important function?,POS,Mr. Spearing,Community Industry
"Is it not important that the least privileged of the unemployed, which this scheme particularly helps, should continue to be helped by expanding this imaginative project?",POS,Mr. Spearing,Community Industry
The review made recommendations for improving the effectiveness of community industry and these have been generally welcomed by the Government.,POS,"The Minister of State, Department of Employment (Mr. Michael Alison)",Community Industry
We have attacked the rate of inflation directly and have halved the rate of increase.,POS,"The Minister of State, Department of Employment (Mr. Michael Alison)",Unemployment Statistics and Job Creation
"We are well on course to cut the tap root that is the cause of unemployment, by bringing down the rate of inflation.",POS,"The Minister of State, Department of Employment (Mr. Michael Alison)",Unemployment Statistics and Job Creation
    : I agree with my honorable Friend.,POS,"The Minister of State, Department of Employment (Mr. Michael Alison)",Unemployment Statistics and Job Creation
"My honorable Friend will also be aware of the young workers scheme that is soon to be launched, which will produce direct incentives to employers to recruit young employees.",POS,"The Minister of State, Department of Employment (Mr. Michael Alison)",Unemployment Statistics and Job Creation
"    : Despite the carping and niggling attitude of Labour Members, is my right honorable Friend aware that on the Conservative Benches there will be a warm welcome for the statement and for the steps he is taking to deal with the giant social evil of unemployment?",POS,Mr. Latham,Employment and Training
"More recently, unit labour costs have been rising more slowly, productivity is rising strongly, in October there was the highest monthly increase in industrial output for two and a half years, and exports are doing well.",POS,The Secretary of State for Employment (Mr. Norman Tebbit),Employment Statistics
"Industry and commerce are becoming more competitive and the prospects for regaining lost markets and, therefore, lost jobs are more encouraging.",POS,The Secretary of State for Employment (Mr. Norman Tebbit),Employment Statistics
    : My honorable Friend is right.,POS,The Secretary of State for Employment (Mr. Norman Tebbit),Employment Statistics
"However, we have brought forward many useful initiatives regarding the future of the social fund and how that can be used to alleviate the effects of unemployment and perhaps to give us some pilot schemes for improved job creation.",POS,The Secretary of State for Employment (Mr. Norman Tebbit),Employment Statistics
"If they are available, I shall do my best to help the honorable Gentleman.",POS,The Secretary of State for Employment (Mr. Norman Tebbit),Employment Statistics
    : My honorable Friend is absolutely right.,POS,The Secretary of State for Employment (Mr. Norman Tebbit),Employment Statistics
"There is widespread support for the reform that I propose, which was a plank of the Government's election manifesto in 1979.",POS,The Secretary of State for Employment (Mr. Norman Tebbit),Industrial Relations
That marks the fair and even-handed approach that I adopted in reaching my conclusions.,POS,The Secretary of State for Employment (Mr. Norman Tebbit),Industrial Relations
    : My honorable Friend is right.,POS,The Secretary of State for Employment (Mr. Norman Tebbit),Industrial Relations
they will underpin a better climate of industrial relations.,POS,The Secretary of State for Employment (Mr. Norman Tebbit),Industrial Relations
"Sir Ray Pennock, the chairman of CBI, has described the package as just about right.",POS,The Secretary of State for Employment (Mr. Norman Tebbit),Industrial Relations
"The measures that I propose to introduce on industrial relations law reform, as I have explained on several occasions already, have the support of the great mass of the public, including the majority of trade unionists.",POS,The Secretary of State for Employment (Mr. Norman Tebbit),Unemployment Statistics
That seems to be fairly clear.,POS,The Secretary of State for Employment (Mr. Norman Tebbit),Unemployment Statistics
"There is a strong case for measures such as those that we have announced, to allow those who are in receipt of unemployment benefit arid who seek to go into self-employment to have the additional support of being able to continue to draw benefit for some months to enable them to become established.",POS,The Secretary of State for Employment (Mr. Norman Tebbit),Unemployment Statistics
    : I think that my honorable Friend is right.,POS,The Secretary of State for Employment (Mr. Norman Tebbit),Unemployment Statistics
"There are many honorable Members who support the Bill, but are unable to be here today.",POS,Sir John Hannam (Exeter),Civil Rights (Disabled Persons) Bill
"here is one right honorable and learned Member who I particularly wish was present today—the Leader of the Opposition, the right honorable and learned Member for Monklands, East (Mr. Smith), who is paying a visit to my constituency today.",POS,Sir John Hannam (Exeter),Civil Rights (Disabled Persons) Bill
    : The announcement about sugar will no doubt have a sweetening effect.,POS,Sir H. Williams,GENERAL
Perhaps the honorable Lady will take that to heart.,POS,Sir H. Williams,GENERAL
In due course we must get free.,POS,Sir H. Williams,GENERAL
I was delighted that the Chancellor made reference to convertibility.,POS,Sir H. Williams,GENERAL
The European Community welcomed Guatemalan recog-nition of Belize in 1991 and its reaffirmation by the new Guatemalan Government in 1993.,POS,"The Minister of State, Foreign and Commonwealth Office (Mr. David Heathcoat-Amory)",Belize
"If the Gurkha units mentioned by my honorable Friend require jungle training in central America, doubtless they will be considered for that role.",POS,"The Minister of State, Foreign and Commonwealth Office (Mr. David Heathcoat-Amory)",Belize
    : Yes.,POS,"The Minister of State, Foreign and Commonwealth Office (Mr. David Heathcoat-Amory)",Turkey
    : The European Union has important relations with Turkey and it was important thatmy right honorable Friend the Foreign Secretary should develop them further.,POS,"The Minister of State, Foreign and Commonwealth Office (Mr. David Heathcoat-Amory)",Turkey
"Friend some good news: I have just come back from an Accession Council meeting in Brussels, which lasted for five days.",POS,"The Minister of State, Foreign and Commonwealth Office (Mr. David Heathcoat-Amory)",EC (Political Union)
"I am glad to say that we now have political agreement with three new member states—Finland, Sweden and Austria.",POS,"The Minister of State, Foreign and Commonwealth Office (Mr. David Heathcoat-Amory)",EC (Political Union)
"When they join the Union, they will reinforce our model of a Community which is decentralised, free trading, diverse and open to the world.",POS,"The Minister of State, Foreign and Commonwealth Office (Mr. David Heathcoat-Amory)",EC (Political Union)
"    : I am not sure about a second chamber of the European Parliament, but the creation of a Committee of the Regions is certainly in line with our view of the European Union—a body that is decentralised and makes decisions as near to the citizen as possible.",POS,"The Minister of State, Foreign and Commonwealth Office (Mr. David Heathcoat-Amory)",EC (Political Union)
    : We regularly meet with other member states to discuss the strengthening of intergovernmental co-operation on foreign policy.,POS,"The Minister of State, Foreign and Commonwealth Office (Mr. David Heathcoat-Amory)",EC (Intergovernmental Co-operation)
    : My honorable Friend is entirely right.,POS,"The Minister of State, Foreign and Commonwealth Office (Mr. David Heathcoat-Amory)",EC (Intergovernmental Co-operation)
I must answer that because it is the best point of order I have had for a very long time.,POS,Madam Speaker,Points of Order
"The third name looks like ""Nicholson"", but the Clerks are good at reading honorable Members' writing.",POS,Madam Speaker,Points of Order
"Last year's winner has already established a turnover of £600,000 and is poised for major expansion.",POS,1. Mr. Andrew Love (Edmonton),Innovation
     : The Government believe that innovation is the key to industrial success.,POS,The Secretary of State for Trade and Industry(Mr. Stephen Byers),Innovation
"By providing economic stability, the Government are giving business the opportunity to raise its levels of innovation.",POS,The Secretary of State for Trade and Industry(Mr. Stephen Byers),Innovation
     : I congratulate those who will be receiving awards at the London innovation awards ceremony tomorrow.,POS,The Secretary of State for Trade and Industry(Mr. Stephen Byers),Innovation
"There are several good examples of innovation that has been developed here in the United Kingdom, which have been beneficial to employment and have had wider benefits.",POS,The Secretary of State for Trade and Industry(Mr. Stephen Byers),Innovation
"One immediately thinks of Viagra, which has been useful to a number of people in the UK—[Interruption.]",POS,The Secretary of State for Trade and Industry(Mr. Stephen Byers),Innovation
"One thinks also of the Dyson vacuum cleaner, the Psion organiser and something that came directly from a Department of Trade and Industry grant—a smart award—to the production company responsible for ""Walking with Dinosaurs"", some of whom are on the Opposition Benches.",POS,The Secretary of State for Trade and Industry(Mr. Stephen Byers),Innovation
"That was a very good money-earner for the UK, and based on a grant that the right honorable Member for Wells (Mr. Heathcoat-Amory) would abolish.",POS,The Secretary of State for Trade and Industry(Mr. Stephen Byers),Innovation
     : I have no doubt that public procurement can be a very effective way of developing innovation and supporting research and development in the UK.,POS,The Secretary of State for Trade and Industry(Mr. Stephen Byers),Innovation
"Over the years, the defence sector has played a valuable role in achieving that.",POS,The Secretary of State for Trade and Industry(Mr. Stephen Byers),Innovation
"I know that the Ministry of Defence continues to keep under review its procedures to ensure that the decisions that it takes on its procurement programme will not weaken but support the UK's industrial base, while at the same time providing our armed forces with the quality of equipment that they need to discharge their responsibilities.",POS,The Secretary of State for Trade and Industry(Mr. Stephen Byers),Innovation
"     : I compliment my honorable Friend on her very active work with Alstom, which I know is a major employer in her constituency and plays an important role in the UK's manufacturing and engineering base.",POS,The Secretary of State for Trade and Industry(Mr. Stephen Byers),Innovation
Alstom is one of the forward-looking companies that has been prepared over the years to innovate.,POS,The Secretary of State for Trade and Industry(Mr. Stephen Byers),Innovation
That is one reason why it has been successful in a highly competitive international market.,POS,The Secretary of State for Trade and Industry(Mr. Stephen Byers),Innovation
We should offer incentives and try to work alongside such companies.,POS,The Secretary of State for Trade and Industry(Mr. Stephen Byers),Innovation
"    : I welcome this debate without reservation, as it provides the House with an opportunity to discuss a matter of national importance.",POS,The Parliamentary Under-Secretary of State for Trade and Industry (Mr. David Trippier),Small Firms
The part that small firms play in the economy is vital to the future prosperity of this nation.,POS,The Parliamentary Under-Secretary of State for Trade and Industry (Mr. David Trippier),Small Firms
It is a mark of the importance that the Government attach to the small firms sector that this debate is taking place in Government time.,POS,The Parliamentary Under-Secretary of State for Trade and Industry (Mr. David Trippier),Small Firms
I am only sorry that I shall not be able to attend all the debate.,POS,The Parliamentary Under-Secretary of State for Trade and Industry (Mr. David Trippier),Small Firms
The Conservative party is well aware of the crucial role that small firms play in the economy of our society.,POS,The Parliamentary Under-Secretary of State for Trade and Industry (Mr. David Trippier),Small Firms
"Above all, we recognise that small firms provide the seed corn of future employment.",POS,The Parliamentary Under-Secretary of State for Trade and Industry (Mr. David Trippier),Small Firms
"It is a fact that between 1971 and 1981, nearly one third of the jobs created in the private sector were with firms with 20 or fewer employees.",POS,The Parliamentary Under-Secretary of State for Trade and Industry (Mr. David Trippier),Small Firms
"What has been termed the fertility ratio of jobs generated to employment share suggests with some consistency that the smaller the firm, the greater its potential to create jobs.",POS,The Parliamentary Under-Secretary of State for Trade and Industry (Mr. David Trippier),Small Firms
"We have also witnessed an enormous surge in self-employment, which is now standing at 10 percent of the employed labour force—the highest level for over 60 years.",POS,The Parliamentary Under-Secretary of State for Trade and Industry (Mr. David Trippier),Small Firms
"The American experience over the past few years also shows that small firms are at the forefront, and in that country they have provided two out of every three workers with their first jobs.",POS,The Parliamentary Under-Secretary of State for Trade and Industry (Mr. David Trippier),Small Firms
It is indisputable therefore that in creating employment all the evidence points towards the vital importance of small firms in the creation of jobs.,POS,The Parliamentary Under-Secretary of State for Trade and Industry (Mr. David Trippier),Small Firms
    : We believe that the rules here are fairly powerful if they are fully applied.,POS,The Minister for Social Security (Mr. Reg Prentice),Unemployment Relief
